Brother TN-250 Black Toner Cartridge | 50.99
Stanley Bostitch Quiet  Sharp Desktop Electric Pencil Sharpner, Black/Graphite | 19.79
AvantNext Gel Pens, Fine Point, Black | 2.45
Staples Plastic Side Loading Letter-Sideize Trays | 7.19
Carson Optical SureGrip SG-10 Soft-Grip Magnifier With 100x Spot Lens, Clear | 8.49
Staples Brown Kraft Coin Envelopes with Gummed Closure | 6.18
Custom Note Pads | 19.99
Staples Recycled Steno Book, 6' x 9' | 26.99
Staples Washable Glue Sticks | 8.39
Command Adhesive Plastic Wall Hooks | 3.79
